分类,标准写法,错误写法,英文名称,全称,释义,上下文例句,备注
产品命名,RDK S100,"RDKS100, RDK-S100, S100",RDK S100,Robotics Developer Kit S100,"D-Robotics S 系列开发者套件,板载 eMMC 系统存储(+UFS/NVMe 扩展待澄清)。",,"正文按标准写法 `RDK S100`(带空格)。UI 下拉实际显示 `RDKS100`(无空格),属界面待改,纳入界面待改清单,不迁就正文。"
产品命名,RDK S600,"RDKS600, RDK-S600, S600",RDK S600,Robotics Developer Kit S600,"D-Robotics S 系列高配开发者套件,板载 UFS 系统存储(+NVMe 扩展)。",,"正文按标准写法 `RDK S600`(带空格)。UI 下拉实际显示 `RDKS600`(无空格),属界面待改,纳入界面待改清单,不迁就正文。"
产品命名,RDK X3,"RDKX3, RDK-X3, X3",RDK X3,Robotics Developer Kit X3,"D-Robotics X 系列开发者套件,板载 NAND。",,"烧录用 hbupdate(与 XBurn 并列的独立工具),不由 XBurn 覆盖。"
产品命名,RDK X5,"RDKX5, RDK-X5, X5",RDK X5,Robotics Developer Kit X5,"D-Robotics X 系列开发者套件,板载 NAND;分商业 SDK(产品类型 `X5`)与生态 RDK(产品类型 `RDKX5`)两套。",在 RDK X5 上完成模型量化后...,UI 产品类型值为 `X5` 或 `RDKX5`(商业 SDK / 生态 RDK 区分);波特率 115200。
产品命名,RDK X5 Module,"RDKX5 Module, RDK-X5 Module, X5 Module",RDK X5 Module,Robotics Developer Kit X5 Module,"RDK X5 的模组形态,与 X5 同 SoC,波特率 921600(X5 为 115200),产品类型与 X5 共用 `X5`。",,X5 Module 与 X5 共用产品类型 `X5`(见 rdk_x_doc X5/X5 Module burn 页烧录参数表);波特率 921600(X5 为 115200)。
产品命名,XBurn,"Xburn, xburn, Xburn 工具",XBurn,,"D-Robotics 烧录工具,覆盖 RDK S100/S600/X5/X5 Module,不覆盖 X3(X3 用 hbupdate)。",使用 XBurn 工具完成 Ubuntu 系统烧录。,"大小写 X+大写 B。现有素材正文多误写 `Xburn`(小写 b),需统一为 XBurn。包名/二进制 `xburn-gui` 保留小写(文件名,非工具名)。"
产品命名,hbupdate,"HBUpdate, HBupdate, Hbupdate",hbupdate,,"X3/X3 Module 烧录工具,与 XBurn 是并列的独立工具,非被 XBurn 取代的过去式。",,"全小写。不纳入 XBurn 手册,概述提一句边界即可。"
产品命名,D-Navigation,"D-navigation, d-navigation, Dnavigation",D-Navigation,,"XBurn 前身的烧录工具,2026-03 被 XBurn 替代。",,"大小写 D+大写 N。旧文档多误写 `D-navigation`(小写 n),引用历史时统一 D-Navigation。"
行业通用,Bootloader,"bootloader, BootLoader",Bootloader,,"板载启动固件的上位概念,含 Miniboot(早期阶段)与 U-Boot(主阶段)两阶段,不等于 miniboot。",Bootloader 固件烧录是指将底层固件写入板载存储。,"首字母大写。源码目录路径/变量名为小写 `bootloader`(如 source/bootloader),引用路径时反引号原样保留。"
行业通用,miniboot,"Miniboot, MiniBoot",miniboot,,"Bootloader 早期阶段,先于 U-Boot 加载。",,"全小写(概念词)。UI 区域值为 `miniboot_flash` / `miniboot_emmc` / `miniboot_ufs`(下划线小写)。现有素材混用 Miniboot/MiniBoot,统一小写。系统内可用 `rdk-miniboot-update` 命令在线升级 miniboot(全小写+连字符,勿写成下划线 `rdk_miniboot_update`)。"
行业通用,U-Boot,"uboot, Uboot, UBoot",U-Boot,Universal Boot Loader,"开源 Bootloader 主阶段,启动后可进 fastboot;D-Robotics 当前版本 U-Boot 2022.04。",上电后长按空格键进入 U-Boot 命令行。,"大写 U+大写 B+连字符。现有素材混用 U-Boot/uboot/Uboot,统一 U-Boot。"
行业通用,Xmodem,,Xmodem,,"串口文件传输协议(1977),低速但无需 USB 驱动,适合空板/无系统状态拉起。",,首字母大写。XBurn 中 X5 系列下载模式 `xmodem_fastboot` 用到本协议。
行业通用,Fastboot,fastboot,Fastboot,,"USB 快速烧录协议(Android 生态),XBurn 推荐下载模式。",下载模式选择 Fastboot(推荐)。,"首字母大写(模式名);命令行 `fastboot 0` 全小写。空板烧录场景与 DFU 组合使用(DFU 拉起,Fastboot 烧录),组合关系文字描述不写加号连写。现有素材一词四形(dfu_fastboot/DFU+Fastboot/dfu-fastboot/DFU-Fastboot),手册以标准写法为准。"
行业通用,DFU,dfu,DFU,Device Firmware Upgrade,"USB 设备固件升级协议(USB-IF 标准),用于空板拉起后进入烧录。",,"大写。XBurn 空板烧录场景下与 Fastboot 组合使用(DFU 拉起板子,Fastboot 烧录),组合关系用文字描述,不写加号连写形式。"
行业通用,xmodem_fastboot,"Xmodem_fastboot, xmodem+fastboot, Xmodem+Fastboot, xmodem-fastboot",xmodem_fastboot,,X5/X5 Module 独有的下载模式:串口 Xmodem 传 + USB Fastboot 烧。,下载模式:选择 `xmodem_fastboot`。,"全小写+下划线(非加号)。这是 X5 系列独有模式,S100/S600 不用。"
行业通用,eMMC,"EMMC, Emmc, emmc",eMMC,embedded MultiMediaCard,"嵌入式 MMC 闪存,S100 板载系统存储。",将镜像烧录至 eMMC。,"标准大小写。正文按标准 `eMMC`。UI 存储介质值显示小写 `emmc`,属界面待改,纳入界面待改清单,不迁就正文。"
行业通用,UFS,ufs,UFS,Universal Flash Storage,"通用闪存,S600 板载系统存储。",S600 采用 UFS 存储介质。,"大写。正文按标准 `UFS`。UI 存储介质值显示小写 `ufs`,属界面待改,纳入界面待改清单,不迁就正文。"
行业通用,NAND Flash,"Nandflash, NANDFlash, nand flash, nandflash",NAND,NAND Flash,"NAND 闪存,X5 板载系统存储。",将固件写入板载 NAND Flash。,"正文器件描述用 `NAND Flash`(两词),单字简称 `NAND` 见英文名称(全大写)。UI 存储介质下拉存在 `Nand`/`Nandflash` 等异形(大小写与连写均不规范),属界面待改,纳入界面待改清单,不迁就正文标准写法。"
行业通用,NOR Flash,"Norflash, NORFlash, nor flash, norflash, NORFLASH",NOR Flash,NOR Flash,"NOR 闪存,支持 XIP 原地执行,常用于存储 bootloader 固件。",将 bootloader 烧录到 NOR Flash。,"正文器件描述用 `NOR Flash`(两词,首字母大写)。与 NAND Flash 同为闪存类型,但 NOR 支持原地执行、随机读取快,写入/擦除慢,容量较小。"
行业通用,NVMe,"NVME, Nvme, nvme",NVMe,NVM Express,"M.2 NVMe SSD,S100/S600 经 M.2 接口扩展(非板载系统存储),作系统盘启动;X5 无。",暂时不支持从 M.2 NVMe 固态硬盘启动。,"标准大小写(小写 e)。源码 Release Note 混用 `NVME`(全大写,不规范),需统一 NVMe。NVMe 在 XBurn 存储介质下拉里作为可烧录介质出现(S100/S600 经 M.2 扩展),注意'能烧'≠'能从它启动'(见 [[xburn-burn-vs-boot-nvme]]):S100 能烧 NVMe 但不支持从 NVMe 启动。"
行业通用,USB hub,"USB Hub, USB HUB, usb hub",USB hub,USB hub,"USB 集线器,扩展主机 USB 接口数量。批量烧录多台设备时经 USB hub 接入。",经 USB hub 接入超过 4 台设备时，可能因供电不足导致烧录失败。,"USB 保留大写(USB-IF 标准,见术语表 USB 条),hub 小写(通用名词非专有名词)。全仓曾混用 `USB Hub`(大写 H),统一为 `USB hub`。"
行业通用,secure,"Secure, SECURE",secure,,"XBurn 固件类型值,未烧 efuse 的板子用,**不做安全校验**的默认态。",固件类型:选择 `secure`。,"**命名陷阱**:字面像'安全',实为'不做安全校验'的默认态,别选错。全小写。X5 只此一档(不烧 efuse)。"
行业通用,secure_ohp,"secure-ohp, secureOHP, Secure_ohp, secure ohp",secure_ohp,,"XBurn 固件类型值,烧了 efuse 的板子用,做安全校验;XBurn v1.2.1 引入。",烧了 efuse 的板子固件类型选 `secure_ohp`。,"下划线全小写。现有素材漏写此 UI 值,手册补。判定:烧 efuse→secure_ohp;未烧→secure。不混入 lifecycle 语义(那是 OTA 另一回事)。"
行业通用,non-secure,"nosecure, nonsecure, no-secure, Non-secure, Non-Secure",non-secure,,"行业安全术语(TrustZone non-secure world),仅作镜像文件名修饰;D-Robotics SDK 无此版本,XBurn UI 无此选项。",,"带连字符。XBurn 固件类型只有 secure/secure_ohp 两档,不写 non-secure 选项,避免用户误以为有三档。"
行业通用,USB,"usb, Usb",USB,Universal Serial Bus,"通用串行总线,XBurn 实际烧录场景全产品通用连接方式。",连接类型选择 `usb`。,"大写。正文按标准 `USB`。UI 连接类型值显示小写 `usb`,属界面待改,纳入界面待改清单,不迁就正文。"
行业通用,Type-C,"Type-c, type-c, Type C, TypeC, type c, TYPE-C",USB Type-C,USB Type-C,"USB 物理接口形态,烧录用 Type-C 数据线连接 PC 与开发板。",使用 Type-C 数据线连接 PC 与开发板。,"首字母大写 T+连字符 `-` 不空格。正文器件描述用 `Type-C`,不写 `Type C`(空格)或 `TypeC`(连写)。"
行业通用,Serial+USB,"serial+usb, Serial_USB, serial_usb, 串口+USB, 串口 +USB",Serial+USB,,"串口(控制)+ USB(数据)组合连接方式,X5 系列实际使用。",连接类型:选择 Serial+USB。,首字母大写+加号。
行业通用,烧录,"刷机, 烧写, 烧入, 下载",Flashing,,将固件写入板载存储的过程。,使用 XBurn 完成系统烧录。,
行业通用,Wi-Fi,"WiFi, Wifi, wifi, WI-FI, Wi-fi",Wi-Fi,,"无线局域网技术,板载无线连接方式之一。",开发板经 Wi-Fi 连接网络。,"大写 W+连字符+大写 F。Wi-Fi Alliance 官方写法。现有素材混用 WiFi/Wifi,统一 Wi-Fi。"
行业通用,Type-A,"Type A, TypeA, TYPE-A, Type-a, type-a",USB Type-A,USB Type-A,"USB 物理接口形态,标准矩形 USB 接口。",用 Type-A 数据线连接 PC。,"首字母大写 T+连字符+大写 A,与 Type-C 写法对称(见术语表 Type-C 条)。正文器件描述用 `Type-A`,不写 `Type A`(空格)或 `TypeA`(连写)。"
产品命名,D-Robotics,"Digua, digua, DiGua, 地瓜",D-Robotics,,RDK 开发者套件与 XBurn 工具的品牌方。,D-Robotics 提供 RDK 系列开发者套件。,"公司正式名。`Digua`/`地瓜` 为历史内部代号,英文文档与对外材料统一改 D-Robotics。仓内多处历史遗留见存量。"
行业通用,登录,登陆,Sign in / Log in,,用账号凭证进入系统或应用的认证动作。,在登录页输入账号密码。,"`登陆` 为同音错别字(登陆 = land,军事/地理义),技术语境用 `登录`。仓内 17 文件 28 处存量待纠偏。"
行业通用,Rufus,rufus,Rufus,,Windows 平台免费开源 USB 启动盘制作工具，RDK 用其完成 SD 卡单独烧录和在板烧录。,使用 Rufus 将系统镜像写入 Micro SD 卡。,首字母大写。第三方工具名，非 D-Robotics 产品。
产品命名,RDK Studio,"RDKstudio, Rdk Studio, rdk studio",RDK Studio,,D-Robotics 开发者桌面工具，支持设备管理、系统烧录（含在线选择镜像下载）、模型部署等。,打开 RDK Studio，选择对应设备型号，按向导完成烧录。,"RDK 全大写,Studio 首字母大写。"
行业通用,MobaXterm,"Mobaxterm, mobaXterm, mobaxterm",MobaXterm,,Windows 平台远程终端工具，RDK 文档中用于串口登录调试开发板。,打开 MobaXterm，单击 Session > Serial 配置串口参数。,首字母大 M+大写 X。第三方工具名，非 D-Robotics 产品。
行业通用,Micro SD 卡,"microSD 卡, Micro SD 存储卡, TF 卡, micro SD 卡",microSD card,,微型 SD 存储卡，RDK 开发板系统启动介质。,准备至少 16GB 容量的 Micro SD 卡。,中文正文统一用 `Micro SD 卡`（非 `Micro SD 存储卡`、`TF 卡`）。英文用 `microSD card`（SD Association 官方写法）。
行业通用,Sleep 按键,"sleep 按键, Sleep 按钮, Sleep 键, SLEEP 按键",Sleep button,,RDK 开发板上的硬件按键，长按进入烧录模式（UMS），将 SD 卡或 eMMC 映射为 U 盘。,按住 Sleep 按键不放，给开发板上电，等待约 5s。,首字母大写 S。按键名统一 `Sleep`，不写 `SLEEP` 或 `sleep`。
行业通用,PoE,"POE, poe, Poe",PoE (Power over Ethernet),Power over Ethernet,以太网供电，RDK X5 支持通过网口为开发板供电。,更多供电方式参见 PoE 供电使用。,P 大写 + o 小写 + E 大写。
行业通用,空板,"无系统板, 空白板",empty board,,未烧录任何系统或固件的开发板，需要通过 XBurn 的 xmodem_fastboot 模式首次烧录。,xmodem_fastboot 适用于空板或设备无法正常启动的场景。,不写 `裸板`（裸板通常指未焊元件的裸 PCB，与本术语含义不同）。
